# mean, investigation_time=50.0, imt="PGA"
lon,lat,depth,poe-0.005,poe-0.007,poe-0.0098,poe-0.0137,poe-0.0192,poe-0.0269,poe-0.0376,poe-0.0527,poe-0.0738,poe-0.103,poe-0.145,poe-0.203,poe-0.284,poe-0.397,poe-0.556,poe-0.778,poe-1.09,poe-1.52,poe-2.13
0.00000,0.00000,0.00000,9.449043E-01,8.955861E-01,8.302547E-01,7.386293E-01,6.182355E-01,5.116966E-01,4.150289E-01,3.014698E-01,2.133233E-01,1.588311E-01,1.012999E-01,6.646437E-02,4.200710E-02,2.160447E-02,1.455685E-02,6.759294E-03,1.234504E-03,0.000000E+00,0.000000E+00
0.00000,1.00000,0.00000,8.909195E-01,8.463751E-01,7.784169E-01,7.004178E-01,6.116279E-01,5.186374E-01,4.410159E-01,3.395620E-01,2.524298E-01,1.681078E-01,9.412896E-02,7.031000E-02,4.267495E-02,2.730765E-02,1.525142E-02,4.320765E-03,1.234504E-03,0.000000E+00,0.000000E+00
0.00000,2.50000,0.00000,5.120113E-01,4.249253E-01,3.121414E-01,2.099636E-01,1.085945E-01,5.069352E-02,1.395409E-02,0.000000E+00,0.000000E+00,0.000000E+00,0.000000E+00,0.000000E+00,0.000000E+00,0.000000E+00,0.000000E+00,0.000000E+00,0.000000E+00,0.000000E+00,0.000000E+00
