# mean, investigation_time=50.0, imt="SA(0.1)"
lon,lat,depth,poe-0.005,poe-0.007,poe-0.0098,poe-0.0137,poe-0.0192,poe-0.0269,poe-0.0376,poe-0.0527,poe-0.0738,poe-0.103,poe-0.145,poe-0.203,poe-0.284,poe-0.397,poe-0.556,poe-0.778,poe-1.09,poe-1.52,poe-2.13
0.00000,0.00000,0.00000,9.817504E-01,9.679902E-01,9.412548E-01,9.013563E-01,8.306693E-01,7.470109E-01,6.218165E-01,5.182617E-01,4.207924E-01,3.324679E-01,2.192041E-01,1.454528E-01,1.029344E-01,6.888072E-02,4.103323E-02,1.932836E-02,7.330826E-03,4.320765E-03,0.000000E+00
0.00000,1.00000,0.00000,9.404806E-01,9.112689E-01,8.689264E-01,8.221650E-01,7.665394E-01,6.917766E-01,6.293364E-01,5.446043E-01,4.662479E-01,3.830456E-01,2.956266E-01,2.080401E-01,1.237781E-01,7.636456E-02,3.776456E-02,1.943615E-02,1.106482E-02,9.830316E-03,1.851757E-03
0.00000,2.50000,0.00000,6.293648E-01,5.529811E-01,4.866716E-01,4.031611E-01,3.018314E-01,1.771501E-01,6.565060E-02,3.611458E-02,2.049002E-02,9.754115E-03,4.938018E-03,0.000000E+00,0.000000E+00,0.000000E+00,0.000000E+00,0.000000E+00,0.000000E+00,0.000000E+00,0.000000E+00
