rlzi,sid,eid,gmv_SA(0.3),gmv_SA(0.6),gmv_SA(1.0)
4,4,71442486263808,8.370604E-02,0.000000E+00,0.000000E+00
5,4,71442486329344,1.426899E-01,0.000000E+00,0.000000E+00
