rlzi,sid,eid,gmv_SA(0.3),gmv_SA(0.6),gmv_SA(1.0)
11,4,202752521142274,5.095290E-02,0.000000E+00,0.000000E+00
14,4,262697379692546,6.484342E-02,0.000000E+00,0.000000E+00
