rlzi,sid,eid,gmv_PGA
0,0,9388798509056,1.930945E-01
1,0,9388798574592,4.326053E-01
2,0,9388798640128,1.930945E-01
