rlzi,sid,eid,gmv_PGA
0,0,7606387081216,3.290538E-01
0,0,7679401525248,3.317214E-01
0,0,9388798509056,4.007438E-01
1,0,7606387146752,3.290538E-01
1,0,7679401590784,3.317214E-01
1,0,9388798574592,4.007438E-01
